<?xml version="1.0" encoding="UTF-8"?>

<!-- ==== #29. mapper 기본설정 ==== -->
<!DOCTYPE mapper PUBLIC "-//mybatis.org//DTD Mapper 3.0//EN" "http://mybatis.org/dtd/mybatis-3-mapper.dtd">

<!-- ==== #29. 루트 엘리먼트 & 네임스페이스 설정(프로젝트 전체내에서 유일해야 한다.) ==== -->
<mapper namespace="Sung">

	<!-- [학생] 학생이 접근하려는 과목의 정보를 가져온다. -->
	<resultMap type="HashMap" id="subjectMap">
		<result property="code" column="code" javaType="String" />
		<result property="subject" column="subject" javaType="String" />
		<result property="fk_hakbun" column="fk_hakbun" javaType="String" />
		<result property="name" column="name" javaType="String" />
		<result property="hakjum" column="hakjum" javaType="String" />
		<result property="classdate" column="classdate" javaType="String" />
		<result property="deptcode" column="deptcode" javaType="String" />
		<result property="deptName" column="deptName" javaType="String" />
		<result property="deptLocation" column="deptLocation" javaType="String" />
	</resultMap>
	
	<!-- [학생] 학생이 접근하려는 과목의 정보를 가져온다. -->
	<select id="getSubjectInfo" parameterType="String" resultMap="subjectMap"> 
		select A.code AS code, A.subject AS subject, A.fk_hakbun AS fk_hakbun, C.name AS name, A.hakjum AS hakjum
		, case A.classdate when '1' then '월' when '2' then '화' when '3' then '수' when '4' then '목' else '금' end  AS classdate
		, A.fk_deptcode AS deptcode, B.deptName AS deptName, B.deptLocation AS deptLocation
		from tbl_subject A
		JOIN tbl_department B
		on A.fk_deptcode = B.deptCode
		JOIN tbl_member C
		on A.fk_hakbun = C.hakbun
		where code = #{code}
	</select>
	
	
	<!-- 과제게시판의 글 목록을 가져온다. -->
	<select id="getLessonBoard" parameterType="HashMap" resultType="com.spring.univ.model.LessonBoardVO">
		select seq, fk_hakbun, fk_code, name, subject, regDate, status, commentCount, filename
		from
		(
		    select row_number() over(order by seq desc) AS rno, seq, fk_hakbun, fk_code, name, subject, to_char(regdate,'yyyy-mm-dd hh24:mi:ss') as regDate, status, commentCount, filename
		    from tbl_lessonboard
		    where status = 1 and fk_code = #{code}
		   	<if test='searchType != "" and searchWord != ""'>
				 and lower( ${searchType} ) like '%' || lower( #{searchWord} ) || '%'
			</if>
		)
		where rno between #{startRno} and #{endRno}
	</select>
	
	<!-- 강의자료실 글 상세조회 -->
	<select id="getLessonBoardDetail" parameterType="HashMap" resultType="com.spring.univ.model.LessonBoardVO">
		select seq, fk_hakbun, fk_code, name, subject, content, pw, regDate, status, commentCount
		     , fileName, orgFilename, fileSize
		     , previousSeq, previousSubject
		     , nextSeq, nextSubject
		from
		(
		    select seq, fk_hakbun, fk_code, name, subject, content, pw, to_char(regDate, 'yyyy-mm-dd hh24:mi:ss') AS regDate, status, commentCount
		              , fileName, orgFilename, fileSize
		              , lead(seq, 1) over (order by seq desc) AS previousSeq, lead(subject, 1) over (order by seq desc) AS previousSubject
		              , lag(seq, 1) over (order by seq desc) AS nextSeq, lag(subject, 1) over (order by seq desc) AS nextSubject
		    from tbl_lessonboard
		    where status = 1 and fk_code = #{code}
		) A
		where seq = #{seq}
		order by seq desc
	</select>
	
	<!-- [학생] 로그인한 유저가 학생이라면 해당 학생의 수강신청 목록을 가져온다. -->
	<resultMap type="HashMap" id="sugangMap">
		<result property="hakbun" column="hakbun" javaType="String" />
		<result property="code" column="code" javaType="String" />
		<result property="subject" column="subject" javaType="String" />
		<result property="teacher" column="teacher" javaType="String" />
		<result property="hakjum" column="hakjum" javaType="String" />
		<result property="classdate" column="classdate" javaType="String" />
		<result property="location" column="location" javaType="String" />
	</resultMap>
	
	
	<!-- [학생] 로그인한 유저가 학생이라면 해당 학생의 수강신청 목록을 가져온다. -->
	<select id="getSugang" parameterType="String" resultMap="sugangMap">
		select hakbun, code, subject, teacher, hakjum, classdate, location
		from
		(
		select B.hakbun AS hakbun ,C.code AS code, C.subject AS subject, D.name AS teacher, C.hakjum AS hakjum
		, case C.classdate when '1' then '월' when '2' then '화' when '3' then '수' when '4' then '목' else '금' end  AS classdate
		, E.deptlocation || ' ' || E.deptname AS location
		from tbl_sugang A
		JOIN tbl_member B
		on A.fk_hakbun = B.hakbun
		JOIN tbl_subject C
		on A.fk_code = C.code
		JOIN tbl_member D
		ON C.fk_hakbun = D.hakbun
		JOIN tbl_department E
		ON c.fk_deptcode = E.deptcode
		)
		where hakbun = #{hakbun}
	</select>
	
	
	<!-- [학생] 로그인한 학생이 접근하려는 과목이 수강신청한 과목인지 아닌지 검사한다. -->
	<select id="checkSugang" parameterType="HashMap" resultType="int">
		select count(*)
		from tbl_sugang
		where fk_hakbun = #{hakbun} and fk_code= #{code}
	</select>
	
	
	<!-- 접근하려는 과목 코드가 정상적인 코드인지 확인한다. (URL 접근 차단용) -->
	<select id="checkCode" parameterType="String" resultType="int">
		select count(*)
		from tbl_subject
		where code = #{sessionCode}
	</select>
	
	
	<!-- [교수] 로그인한 유저가 교수라면 해당 교수의 담당과목 목록을 가져온다. -->
	<resultMap type="HashMap" id="suupMap">
		<result property="code" column="code" javaType="String" />
		<result property="subject" column="subject" javaType="String" />
		<result property="hakjum" column="hakjum" javaType="String" />
		<result property="classdate" column="classdate" javaType="String" />
		<result property="deptcode" column="deptcode" javaType="String" />
		<result property="deptname" column="deptname" javaType="String" />
		<result property="deptlocation" column="deptlocation" javaType="String" />
		<result property="cnt" column="cnt" javaType="String" />
	</resultMap>
	
	<!-- [교수] 로그인한 유저가 교수라면 해당 교수의 담당과목 목록을 가져온다. -->		
	<select id="getsuUp" parameterType="String" resultMap="suupMap">
		select code, subject, hakjum
		, case classdate when '1' then '월' when '2' then '화' when '3' then '수' when '4' then '목' else '금' end  AS classdate
		, deptcode, deptname, deptlocation, NVL(cnt, 0) AS cnt
		from tbl_subject A
		JOIN tbl_department B
		ON A.fk_deptcode = B.deptcode
		LEFT JOIN (select count(*) AS cnt, fk_code from tbl_sugang group by fk_code) C
		on A.code = C.fk_code
		where A.fk_hakbun = #{hakbun}
	</select>
	
	
	<!-- [교수] 교수가 접근하려는 과목이 본인의 담당과목인지 아닌지 검사한다. -->
	<select id="checkLesson" parameterType="HashMap" resultType="int">
		select count(*)
		from tbl_subject
		where fk_hakbun = #{hakbun} and code = #{code}
	</select>
	
	
	<!-- [교수] 강의자료실 글쓰기 -->
	<insert id="lessonWriteEnd" parameterType="com.spring.univ.model.LessonBoardVO">
		<if test='fileName!=""'>
			insert into tbl_lessonboard(seq, fk_hakbun, fk_code, name, subject, content, pw, regDate, status, commentCount, fileName, orgFilename, fileSize)
			values(lessonBoardSeq.nextval, #{fk_hakbun}, #{fk_code}, #{name}, #{subject}, #{content}, #{pw},  default, default, default, #{fileName}, #{orgFilename}, #{fileSize})
		</if>
		<if test='fileName==""'>
			insert into tbl_lessonboard(seq, fk_hakbun, fk_code, name, subject, content, pw, regDate, status, commentCount)
			values(lessonBoardSeq.nextval, #{fk_hakbun}, #{fk_code}, #{name}, #{subject}, #{content}, #{pw},  default, default, default)
		</if>
	</insert>
	
	<!-- 강의자료실 댓글쓰기 -->
	<insert id="addLessonBoardComment" parameterType="com.spring.univ.model.LessonBoardCommentVO">
		insert into tbl_lessonBoard_comment(seq, fk_hakbun, name, content, parentSeq, regDate)
		values(lessonboard_commentSeq.nextval, #{fk_hakbun}, #{name}, #{content}, #{parentSeq}, default)
	</insert>
	
	
	<!-- 강의자료실 댓글목록 가져오기 -->
	<select id="getLessonBoardComment" parameterType="String" resultType="com.spring.univ.model.LessonBoardCommentVO">
		select A.seq AS seq, A.fk_hakbun AS fk_hakbun, case B.authority when 0 then '학생 ' when 1 then '교수 ' end || A.name AS name, A.content AS content, to_char(A.regDate, 'yyyy-mm-dd hh24:mi:ss') as regDate
		, A.parentSeq AS parentSeq
		from tbl_lessonBoard_comment A
		JOIN tbl_member B
		on A.fk_hakbun = B.hakbun
		where parentSeq = #{parentSeq}
		order by seq desc
	</select>
	
	<!-- [교수] 강의자료실 글 삭제하기 -->
	<delete id="deleteLessonBoard" parameterType="String">
		delete from tbl_lessonBoard
		where seq = #{seq}
	</delete>
	
	<!-- [교수] 강의자료실 글 수정하기 완료요청 -->
	<update id="editLessonBoard" parameterType="com.spring.univ.model.LessonBoardCommentVO">
		<if test='fileName!=""'>
			update tbl_lessonboard set subject = #{subject}, content = #{content}, regDate = sysdate, fileName = #{fileName}, orgFilename = #{orgFilename}, fileSize = #{fileSize}
			where seq = #{seq}
		</if>
		<if test='fileName==""'>
			update tbl_lessonboard set subject = #{subject}, content = #{content}, regDate = sysdate
			where seq = #{seq}
		</if>
	</update>
	
	
	<!-- 강의자료실 댓글 삭제하기 -->
	<delete id="deleteLessonComment" parameterType="HashMap">
		delete from tbl_lessonboard_comment
		where seq = #{seq}
	</delete>
	
	
	<!-- 강의자료실 댓글작성 -> 해당 글 댓글 수 1 증가 -->
	<update id="updateCommentCnt">
		update tbl_lessonBoard set commentcount = commentcount + 1
		where seq = #{parentSeq}
	</update>
	
	<!-- 강의자료실 댓글삭제 -> 해당 글 댓글 수 1 차감 -->
	<update id="downCommentCnt">
		update tbl_lessonBoard set commentcount = commentcount - 1
		where seq = #{parentSeq}
	</update>
	
	
	<!-- 강의자료실 전체 페이지 수 -->
	<select id="getTotalLessonPage" parameterType="HashMap" resultType="int">
		select count(*)
		from tbl_lessonBoard
		where status = 1 and fk_code = #{code}
	   	<if test='searchType != "" and searchWord != ""'>
			 and lower( ${searchType} ) like '%' || lower( #{searchWord} ) || '%'
		</if>
	</select>
	
	<!-- 과제 및 평가 게시판 글목록 조회 -->
	<select id="getHomeworkList" parameterType="String" resultType="com.spring.univ.model.HomeworkVO">
		select seq, fk_hakbun, fk_code, name, subject, content, to_char(regDate, 'yyyy-mm-dd hh24:mi:ss') AS regDate, commentCount, fileName, orgFilename, fileSize, acceptance, deadline
		from tbl_homework
		where fk_code = #{code}
		order by seq desc 
	</select>
	
	<!-- 과제 및 평가 게시판의 댓글 가져오기 -->
	<select id="getHomeworkComment" parameterType="String" resultType="com.spring.univ.model.HomeWorkCommentVO">
			select A.seq, A.parentSeq, A.fk_hakbun, B.name, A.content, A.fileName, A.orgFilename, A.FileSize, 
			to_char(A.regDate, 'yyyy-mm-dd hh24:mi:ss') AS regDate,
			C.commentCount
			from tbl_homework_comment A
			JOIN tbl_member B
			on A.fk_hakbun = B.hakbun
			JOIN tbl_homework C
			on A.parentSeq = C.seq
			where A.fk_code = #{code}
			order by seq desc
	</select>
	
	<!-- 과제 및 평가 게시판 댓글쓰기[파일첨부기능] -->
	<insert id="writeHomeworkComment" parameterType="com.spring.univ.model.HomeWorkCommentVO">
		<if test="fileName == null">
			insert into tbl_homework_comment(seq, parentSeq, fk_hakbun, content, fk_code, regDate)
			values(homeworkCommentSeq.nextval, #{parentSeq}, #{fk_hakbun}, #{content}, #{fk_code}, default)
		</if>
		<if test="fileName != null">
			insert into tbl_homework_comment(seq, parentSeq, fk_hakbun, content, fk_code, regDate, fileName, orgFilename, fileSize)
			values(homeworkCommentSeq.nextval, #{parentSeq}, #{fk_hakbun}, #{content}, #{fk_code}, default, #{fileName}, #{orgFilename}, #{fileSize})
		</if>
	</insert>
	
	<!-- 과제 및 평가 게시판 부모글 댓글갯수 증가 -->
	<update id="plusCommentCnt" parameterType="com.spring.univ.model.HomeWorkCommentVO">
		update tbl_homework set commentCount = commentCount + 1
		where seq = #{parentSeq}
	</update>
	
	<!-- 마감기한인 과제게시물의 status를 바꾼다. -->
	<update id="updateStatus" parameterType="String">
		update tbl_homework set status = 1
		where seq = #{seq}
	</update>
	
	
	<!-- [교수] 과제 및 평가 게시판 글쓰기 완료 요청 -->
	<insert id="homeworkWriteEnd" parameterType="com.spring.univ.model.HomeworkVO">
		<if test='fileName != ""'>
			insert into tbl_homework(seq, fk_hakbun, fk_code, name, subject, content, regDate, commentCount, fileName, orgFilename, fileSize, acceptance, deadline)
			values(homeworkSeq.nextval, #{fk_hakbun}, #{fk_code}, #{name}, #{subject}, #{content}, default, default, #{fileName}, #{orgFilename}, #{fileSize}, default, default)
		</if>
		
		<if test='fileName == ""'>
			insert into tbl_homework(seq, fk_hakbun, fk_code, name, subject, content, regDate, commentCount, acceptance, deadline)
			values(homeworkSeq.nextval, #{fk_hakbun}, #{fk_code}, #{name}, #{subject}, #{content}, default, default, default, default)
		</if>
	</insert>
	
	<!-- 과제 및 게시판 특정글 조회 -->
	<select id="getHomeworkDetail" parameterType="String" resultType="com.spring.univ.model.HomeworkVO">
		select seq, fk_hakbun, fk_code, name, subject, content, regDate, fileName, orgFilename, fileSize, acceptance
		from tbl_homework
		where seq = #{seq}
	</select>
	
	<!-- 과제 및 게시판 특정댓글 조회  -->
	<select id="getHomeworkCommentDetail" parameterType="String" resultType="com.spring.univ.model.HomeWorkCommentVO">
		select fileName, orgFilename, fileSize
		from tbl_homework_comment
		where seq = #{seq}
	</select>
	
	<!-- 과제 및 게시판 댓글 삭제 -->
	<delete id="deleteHomeworkCommentDelete" parameterType="HashMap">
		delete from tbl_homework_comment
		where seq = #{seq}
	</delete>
	
	<!-- 과제 및 평가 게시판 부모글 댓글갯수 차감 -->
	<update id="minusCommentCnt" parameterType="HashMap">
		update tbl_homework set commentCount = commentCount - 1
		where seq = #{parentSeq}
	</update>
	
	<!-- 과제 및 게시판 게시글 삭제 -->
	<delete id="deleteHomework" parameterType="String">
		delete from tbl_homework
		where seq = #{seq}
	</delete>
	
	<!-- 과제 및 게시판 수정 완료 요청 -->
	<update id="homeworkEditEnd" parameterType="com.spring.univ.model.HomeworkVO">
		<if test='fileName == ""'>
			update tbl_homework set subject = #{subject}, content = #{content}, acceptance = #{acceptance}
			where seq = #{seq}
		</if>
		<if test='fileName != ""'>
			update tbl_homework set subject = #{subject}, content = #{content}, acceptance = #{acceptance}, fileName = #{fileName}, orgFilename = #{orgFilename}, fileSize = #{fileSize}
			where seq = #{seq}
		</if>
	</update>
	
	<!--  과제 및 평가 평가목록 요청 -->
	<resultMap type="HashMap" id="evalMap">
		<result property="code" column="code" javaType="String"/>
		<result property="hakbun" column="hakbun" javaType="String"/>
		<result property="name" column="name" javaType="String"/>
		<result property="StudentCnt" column="StudentCnt" javaType="String"/>
		<result property="totalCnt" column="totalCnt" javaType="String"/>
	</resultMap>
	
	
	<select id="getEvaluation" parameterType="String" resultMap="evalMap">
		select code, C.hakbun AS hakbun, D.name AS name, StudentCnt, totalCnt
		from 
		(
		    select B.fk_code AS code
		    , B.fk_hakbun AS hakbun, NVL(StudentHomeworkCnt, 0) AS StudentCnt
		    , NVL(totalHomeworkCnt, (select count(*) from tbl_homework where fk_code = #{code})) AS totalCnt
		    from 
		(
		        select fk_code, fk_hakbun, count(*) AS StudentHomeworkCnt, (select count(*) from tbl_homework where fk_code = #{code}) AS totalHomeworkCnt
		        from tbl_homework_comment A
		        group by fk_code, fk_hakbun
		        having fk_code = #{code}
		) A
		RIGHT JOIN
		(
		        select fk_code, fk_hakbun
		        from tbl_sugang
		        where fk_code = #{code}
		) B
		    ON A.fk_hakbun = B.fk_hakbun
		) C
		JOIN tbl_member D 
		ON C.hakbun = D.hakbun
		order by hakbun
	</select>
	
	<select id="checkSubmit" parameterType="com.spring.univ.model.HomeWorkCommentVO" resultType="int">
		select count(*)
		from tbl_homework_comment
		where fk_hakbun = #{fk_hakbun} and parentSeq = #{parentSeq}
	</select>
	
	
	<!-- 과제평가 엑셀 다운로드 -->
	<resultMap type="HashMap" id="evalExcelMap">
		<result property="subject" column="subject" javaType="String"/>
		<result property="code" column="code" javaType="String"/>
		<result property="hakbun" column="hakbun" javaType="String"/>
		<result property="name" column="name" javaType="String"/>
		<result property="deptname" column="deptname" javaType="String"/>
		<result property="StudentCnt" column="StudentCnt" javaType="String"/>
		<result property="totalCnt" column="totalCnt" javaType="String"/>
		<result property="percentage" column="percentage" javaType="String"/>
	</resultMap>
	
	<select id="getEvaluationExcel" parameterType="String" resultMap="evalExcelMap">
		select E.subject, C.code, C.hakbun, D.name, F.deptname, StudentCnt, totalCnt, case when totalCnt > 0 then StudentCnt / totalCnt * 100 else 0 end || '%' AS percentage
		from 
		(
		    select B.fk_code AS code, B.fk_hakbun AS hakbun, NVL(StudentHomeworkCnt, 0) AS StudentCnt, NVL(totalHomeworkCnt, (select count(*) from tbl_homework where fk_code = #{code})) AS totalCnt
		    from 
		(
		        select fk_code, fk_hakbun, count(*) AS StudentHomeworkCnt, (select count(*) from tbl_homework where fk_code = #{code}) AS totalHomeworkCnt
		        from tbl_homework_comment A
		        group by fk_code, fk_hakbun
		        having fk_code = #{code}
		) A
		RIGHT JOIN
		(
		        select fk_code, fk_hakbun
		        from tbl_sugang
		        where fk_code = #{code}
		) B
		    ON A.fk_hakbun = B.fk_hakbun
		) C
		JOIN tbl_member D 
		ON C.hakbun = D.hakbun
		JOIN tbl_subject E
		ON C.code = E.code
		JOIN tbl_department F
		ON D.fk_deptcode = F.deptcode
	</select>
	
	
	<resultMap type="HashMap" id="calendarMap">
		<result property="title" column="title" javaType="String"/>
		<result property="startday" column="startday" javaType="String"/>
		<result property="endday" column="endday" javaType="String"/>
		<result property="allday" column="allday" javaType="String"/>
	</resultMap>
	
	<select id="getAcademicCalendar" resultMap="calendarMap">
		select title, to_char(startday, 'yyyy-mm-dd') AS startday, to_char(endday,'yyyy-mm-dd') AS endday, allday
		from tbl_academic_calendar
	</select>
	
</mapper>